Масло,Зона,ПЭ,С,Группа,Сочетания,Единичное масло в Зоне,Ключ
Апельсин,+++,"Потребность в радости. См. сочетание [1],[2], [3]. *ЕД: Острая потребность в радости.","Нарушение адаптации. Высокий уровень закисленности. См. сочетания [4], [5], [6].",Цитрусовая,"[1] Апельсин в сочетании с Литцей: переутомление. Потребность в повышении концентрации внимания. [2] Апельсин в сочетании с Бергамот/Мандарин: потребность в радости, беззаботности. [3] Вся Цитрусовая группа (или более 80%) в зоне +/+++: зависимость от чужого мнения. [4] Апельсин в сочетании с Литцеей: напряжение, нарушение адаптации. [5] В сочетании с Грейпфрутом и Ванилью: нарушение пищевого поведения. [6] Все (цитрусовые) (или более 80%) в зоне+/+++: высокая закисленность.",Острая потребность в радости.,Апельсин|+++
Апельсин,+,"Потребность в радости. См. сочетание [1],[2], [3].  *ЕД: Острая потребность в радости.","Нарушение адаптации. Высокий уровень закисленности. См. сочетания [4], [5], [6].",Цитрусовая,"[1] Апельсин в сочетании с Литцей: переутомление. Потребность в повышении концентрации внимания. [2] Апельсин в сочетании с Бергамот/Мандарин: потребность в радости, беззаботности. [3] Вся Цитрусовая группа (или более 80%) в зоне +/+++: зависимость от чужого мнения. [4] Апельсин в сочетании с Литцеей: напряжение, нарушение адаптации. [5] В сочетании с Грейпфрутом и Ванилью: нарушение пищевого поведения. [6] Все (цитрусовые) (или более 80%) в зоне+/+++: высокая закисленность.",Острая потребность в радости.,Апельсин|+
Апельсин,N,Запрет на радость.  *ЕД: Острая потребность в радости.,,Цитрусовая,,Острая потребность в радости.,Апельсин|N
Апельсин,-,"Тревожное состояние, непринятие или страх показать эмоции.  *ЕД: Глубокая депрессия",Нарушение углеводно-липидного обмена.,Цитрусовая,,Глубокая депрессия,Апельсин|-
Апельсин,---,Запрет на радость. *ЕД: Глубокая депрессия.,Нарушение углеводно-липидного обмена.,Цитрусовая,,Глубокая депрессия,Апельсин|---
Апельсин,0,"Очень хочется, но не могу себе позволить позитивные эмоции.",Адаптация в норме.,Цитрусовая,,,Апельсин|0
Апельсин,R,"Тревожное состояние, непринятие или страх показать эмоции.",,Цитрусовая,,,Апельсин|R
Бергамот,+++,"Мужской аромат. Потребность в легких отношениях. Если на 1-ом или 2-ом месте, то отождествляет себя с подростковым возрастом. На 3-ем месте - мечта быть беззаботным(ой). Часто выбирают подростки или мамы подростков (или педагоги, работающие с детьми). См. сочетание [1]. *ЕД: Подростковый бунт. Потребность в легкости.",Сухая кожа. См. сочетание [3].,Цитрусовая,[1] В сочетании с Лимоном: эмоциональное переутомление. Часто встречается у подростков.,Подростковый бунт. Потребность в легкости.,Бергамот|+++
Бергамот,+,Желание легкого проживания эмоций. См. сочетание [1]. *ЕД: Подростковый бунт. Потребность в легкости.,Сухая кожа. См. сочетание [3].,Цитрусовая,"[1] В сочетании с Лимоном: эмоциональное переутомление. Часто встречается у подростков (агрессия). [3] Значение “сухая кожа” подтверждают Бензоин, Лаванда или Эвкалипт.",Подростковый бунт. Потребность в легкости.,Бергамот|+
Бергамот,N,Реализованный подростковый период,Норма.,Цитрусовая,,Подростковый бунт. Потребность в легкости.,Бергамот|N
Бергамот,-,Подавленная сексуальность,Застойные процессы в кишечнике. Сухая кожа.,Цитрусовая,,Глубокая депрессия,Бергамот|-
Бергамот,---,Подростковый бунт. См. сочетание [2],Застойные процессы в кишечнике. Сухая кожа.,Цитрусовая,"[2] Проверить, где Береза, насколько подавлены/не подавлены эмоции (агрессия).",Глубокая депрессия,Бергамот|---
Бергамот,0,"Застревание в подростковом, непрожитом периоде. Возможно конфликт. Ищем причину в сочетаниях.",,Цитрусовая,,,Бергамот|0
Бергамот,R,"Застревание в подростковом, непрожитом периоде. Возможно конфликт. Ищем причину в сочетаниях.",,Цитрусовая,,,Бергамот|R
Лимон,+++,"Перенапряжение, раздражительность. См. сочетание [1]. *ЕД: Высокая раздражительность. Может быть агрессия.","Спазм сфинктера желчного пузыря. См. сочетания [2],[3].",Цитрусовая,[1] Лимон в сочетании с Бергамотом: эмоциональное переутомление. Часто встречается у подростков. [2] Лимон в сочетании с Литцей: склонность к мигреням. [3] Лимон в сочетании с Аиром: возможно лямблиоз.,Высокая раздражительность. Мб агрессия.,Лимон|+++
Лимон,+,Напряжение.  См. сочетание [1]. *ЕД: Высокая раздражительность. Может быть агрессия.,Застой в желчном пузыре. См. сочетание [3].,Цитрусовая,[1] Лимон в сочетании с Бергамотом: эмоциональное переутомление. Часто встречается у подростков. [3] Лимон в сочетании с Аиром: возможно лямблиоз.,Высокая раздражительность. Мб агрессия.,Лимон|+
Лимон,N,Нет внутренней агрессии. *ЕД: Высокая раздражительность. Может быть агрессия.,Нормальная работа желчного пузыря,Цитрусовая,,Высокая раздражительность. Мб агрессия.,Лимон|N
Лимон,-,Подавленная агрессия. *ЕД: Заблокированная агрессия.,Хронический холецистит.,Цитрусовая,,Заблокированная агрессия,Лимон|-
Лимон,---,Подавленная агрессия. *ЕД: Заблокированная агрессия.,Мб камни в желчном пузыре.,Цитрусовая,,Заблокированная агрессия,Лимон|---
Лимон,0,Подавленная агрессия. *ЕД: Заблокированная агрессия.,Мб камни в желчном пузыре.,Цитрусовая,,,Лимон|0
Лимон,R,"Перенапряжение, раздражительность.",,Цитрусовая,,,Лимон|R
Мандарин,+++,Состояние не брать ответственность за свою жизнь или проживание чужой. Часто у мам (или бабушек) маленьких детей. См. сочетание [1] *ЕД: Склонность к зависимостям.,Сухая кожа. См. сочетание [4].,Цитрусовая,"[1] В сочетании с Анисом, усиление, детская позиция. Мб в +++ или ---. Иногда Анис может попасть в 0. [4] В сочетании с Бергамотом: более сильное проявление.",Склонность к зависимостям.,Мандарин|+++
Мандарин,+,"Возможно в ""поле"" находится маленький ребенок. *ЕД: Склонность к зависимостям.",,Цитрусовая,,Склонность к зависимостям.,Мандарин|+
Мандарин,N,"Прожитые детские процессы. Довольный ""Внутренний ребенок"" *ЕД: Склонность к зависимостям.",Норма,Цитрусовая,,Склонность к зависимостям.,Мандарин|N
Мандарин,-,"Подавлен ""Внутренний ребенок"". Депрессия. Встречается у мам (иногда пап) новорожденных  ЕД: Депрессия","Застойные процессы в кишечнике. У женщин, дополнительно, - проблемы с зачатием",Цитрусовая,,Депрессия.,Мандарин|-
Мандарин,---,"Подавлен ""Внутренний ребенок"" иногда до анрессии. Конфликт: см. сочетания [2], [3]. См. сочетание [1]  ЕД: Депрессия",Процессы брожения в кишечнике. Сухая кожа. См. сочетание [4],Цитрусовая,"[1] В сочетании с Анисом, усиление, детская позиция. Мб в +++ или ---. Иногда Анис может попасть в 0. [2] Проверить где Береза, насколько подавлены/не подавлены эмоции. [3] Обратить внимание где Ваниль/Лаванда и Бензоин.",Депрессия.,Мандарин|---
Мандарин,0,Заблокированная инфантильность. ЕД: Депрессия,,Цитрусовая,,Депрессия.,Мандарин|0
Мандарин,R,"Подавлен ""Внутренний ребенок"" . Конфликт",,Цитрусовая,,,Мандарин|R
Грейпфрут,+++,Потребность в усвоении информации. Потребность в адекватном восприятии информации. *ЕД: Запрос на адекватную оценку происходящего.,"Нарушение работы ЖКТ. Ферментопатия. См. сочетания [1], [2], [3].",Цитрусовая,[1] В сочетании с Бензоином (+++/--- или 0): склонность к сахарному диабету. [2] В сочетании с Геранью +++: нарушение работы щитовидной железы. [3] Грейпфрут в сочетании с Литцеей +++/+: нарушена адаптация. Нарушение работы ЦНС. Головные боли.,Запрос на адекватную оценку происходящего.,Грейпфрут|+++
Грейпфрут,+,Не ярко выраженная потребность в усвоении информации. *ЕД: Запрос на адекватную оценку происходящего.,Ферментопатия. См. сочетания [3].,Цитрусовая,[3] Грейпфрут в сочетании с Литцеей +++/+: нарушена адаптация. Нарушение работы ЦНС. Головные боли.,Запрос на адекватную оценку происходящего.,Грейпфрут|+
Грейпфрут,N,Адекватное восприятие действительности *ЕД: Запрос на адекватную оценку происходящего.,Нормальная работа поджелудочной.,Цитрусовая,,Запрос на адекватную оценку происходящего.,Грейпфрут|N
Грейпфрут,-,Нежелание воспринимать действительность.,Хр. нарушения ЖКТ или ЭС. См. сочетание [1].,Цитрусовая,[1] В сочетании с Бензоином (+++/--- или 0): склонность к сахарному диабету.,Нежелание воспринимать действительность.,Грейпфрут|-
Грейпфрут,---,Нежелание воспринимать действительность. *ЕД: Нежелание воспринимать действительность.,Хр. нарушения ЖКТ или ЭС. См. сочетание [1].,Цитрусовая,[1] В сочетании с Бензоином (+++/--- или 0): склонность к сахарному диабету.,Нежелание воспринимать действительность.,Грейпфрут|---
Грейпфрут,0,Нежелание воспринимать действительность. *ЕД: Нежелание воспринимать действительность.,Возможно обострения хр. панкреатита.,Цитрусовая,,Нежелание воспринимать действительность.,Грейпфрут|0
Грейпфрут,R,,Нежелание воспринимать действительность.,Цитрусовая,,,Грейпфрут|R
Литцея Кубеба,+++,Эмоциональная перегрузка. *ЕД: Хроническое нарушение работы НС. См. сочетание [4].,"Острая потребность в адаптации. Мб головные боли. Нарушение работы НС. См. сочетания [1], [2], [3].",Цитрусовая,"[1] Литцея в сочетании с Апельсином: напряжение, нарушение адаптации. [2] Литцея Кубеба в сочетании с Лимоном: склонность к мигреням. [3] Грейпфрут и Литцея Кубеба в +++/+: нарушена адаптация. Нарушение работы ЦНС. Головные боли. [4] Литцея Кубеба в сочетании с Мятой и Эвкалиптом: последствия травмы ЦНС",Хроническое нарушение работы НС. См. сочетание [4].,Литцея Кубеба|+++
Литцея Кубеба,+,Эмоциональная перегрузка.,Потребность в адаптации.,Цитрусовая,,Хроническое нарушение работы НС. См. сочетание [4].,Литцея Кубеба|+
Литцея Кубеба,N,Адекватное восприятие действительности.,Высокий уровень адаптивных способностей.,Цитрусовая,,Хроническое нарушение работы НС. См. сочетание [4].,Литцея Кубеба|N
Литцея Кубеба,-,Склонность к затядным депрессиям.,Хроническое нарушение работы НС. См. сочетание [4].,Цитрусовая,[4] Литцея Кубеба в сочетании с Мятой и Эвкалиптом: последствия травмы ЦНС,Хроническое нарушение работы НС. См. сочетание [4].,Литцея Кубеба|-
Литцея Кубеба,---,Эмоциональная перегрузка. МБ склонность к зависимостям.,"Острая потребность в адаптации. Мб головные боли. Нарушение работы НС. См. сочетания [1], [2], [3], [4] .",Цитрусовая,"[1] Литцея в сочетании с Апельсином: напряжение, нарушение адаптации. [2] Литцея Кубеба в сочетании с Лимоном: склонность к мигреням. [3] Грейпфрут и Литцея Кубеба в +++/+: нарушена адаптация. Нарушение работы ЦНС. Головные боли. [4] Литцея Кубеба в сочетании с Мятой и Эвкалиптом: последствия травмы ЦНС",Хроническое нарушение работы НС. См. сочетание [4].,Литцея Кубеба|---
Литцея Кубеба,0,Эмоциональная перегрузка. МБ склонность к зависимостям.,,Цитрусовая,,Хроническое нарушение работы НС. См. сочетание [4].,Литцея Кубеба|0
Литцея Кубеба,R,,Хроническое нарушение работы НС. См. сочитание [4].,Цитрусовая,[4] Литцея Кубеба в сочетании с Мятой и Эвкалиптом: последствия травмы ЦНС,,Литцея Кубеба|R
Кедр,+++,"Мужской аромат. Острая потребность в стабильности. У женщин запрос на ""сильное плечо"", ""прижался - и тучи все рассеялись"". Для мужчин - быть надежным, стабильным. См. сочетания [1], [2]. *ЕД: Острая потребность в поддержке (для Ж). Быть сильным (для М).",Нарушение лимфотока.,Хвойная,"[1] И для Ж и для М важна позиция, на которой стоит аромат: 1, 2 - здесь и сейчас, 3 - глубинный запрос. [2] Кедр в сочетании с Кипарисом: острая потребность в понимание и сильном плече",Острая потребность в поддержке (для Ж). Быть сильным (для М).,Кедр|+++
Кедр,+,"Важно, чтобы рядом был союзник ответственный и стабильный (для Ж). Важно чувствовать себя стабильным и востребованным. (для М)","Склонность к лимфозастою, возможно на фоне др. сочетаний.",Хвойная,,Острая потребность в поддержке (для Ж). Быть сильным (для М).,Кедр|+
Кедр,N,Стабильность / неактуальность этой задачи.,Норма функция,Хвойная,,Острая потребность в поддержке (для Ж). Быть сильным (для М).,Кедр|N
Кедр,-,"Для Ж — конфликт или отрицание / нежелание поддержки от М. Для М — нежелание брать на себя функцию ""сильного плеча"".","Хр застойные процессы. См. сочетания [3], [4].",Хвойная,[3] В сочетании с Можжевеловыми ягодами: хр. Нарушения МПС. [4] В сочетании с Кипарисом и/или Иланг-илангом: хр. Нарушения ССС,Острая потребность в поддержке (для Ж). Быть сильным (для М).,Кедр|-
Кедр,---,"Острая потребность в стабильности. У женщин запрос на ""сильное плечо"". Для мужчин — быть надежным, стабильным. ""Я ж мужик!"" Но есть проблема, которая не дает реализовать желаемое.",Нарушение лимфотока.,Хвойная,,Острая потребность в поддержке (для Ж). Быть сильным (для М).,Кедр|---
Кедр,0,Конфликт (возможно скрытый) со второй половиной.,,Хвойная,,Острая потребность в поддержке (для Ж). Быть сильным (для М).,Кедр|0
Кедр,R,Неуверенность в принятом решении (поиск решения).,,Хвойная,,,Кедр|R
Кипарис,+++,"Мужской аромат. Для Ж: Запрос на понимание, если стоит на 1,2 месте. На 3-ем - глубинный запрос на отношения с мужчиной типа кипарис. Для М: быть тонким и понимающим, заботливым (но про себя никогда не забыть!). См. сочетания [1], [2]. *ЕД: Важно, чтобы рядом был ответственный и стабильный союзник (для Ж). Важно чувствовать себя стабильным и востребованным (для М).","Мб острые сосудистые нарушения. См. сочетания [4], [6].",Хвойная,"[1] В сочетании с Елью, Кипарисом, Можжевеловыми ягодами: потребность в поддержке на фоне страхов. [2] В сочетании с Ладаном и/или Бензоином: непрожитая потеря близкого человека. [4] В сочетании с Лимоном в +++: купероз, нарушение работы печени. [5] В сочетании с Мятой, Иланг-илангом: хр. нарушения ССС. [6] В сочетании с Иланг-илангом в +++: нарушение сердечного ритма.","Важно, чтобы рядом был ответственный и стабильный союзник (для Ж). Важно чувствовать себя стабильным и востребованным (для М).",Кипарис|+++
Кипарис,+,Потребность в понимании (для Ж) / понимать (для М).,Только как дополнения в сочетаниях.,Хвойная,,"Важно, чтобы рядом был ответственный и стабильный союзник (для Ж). Важно чувствовать себя стабильным и востребованным (для М).",Кипарис|+
Кипарис,N,Стабильность / неважность этой задачи.,"Нормальная, в данный момент, работа ССС.",Хвойная,,"Важно, чтобы рядом был ответственный и стабильный союзник (для Ж). Важно чувствовать себя стабильным и востребованным (для М).",Кипарис|N
Кипарис,-,Для Ж: неприемлемый тип отношений с мужчиной типа кипарис. Для М: непринятие роли мужчины-кипариса.,Хр. Венозный застой. См. сочетание [5].,Хвойная,"[4] В сочетании с Лимоном в +++: купероз, нарушение работы печени. [5] В сочетании с Мятой, Иланг-илангом: хр. нарушения ССС. [6] В сочетании с Иланг-илангом в +++: нарушение сердечного ритма.","Важно, чтобы рядом был ответственный и стабильный союзник (для Ж). Важно чувствовать себя стабильным и востребованным (для М).",Кипарис|-
Кипарис,---,"Эмоциональная перегрузка. Запрос на понимание и заботу. (""Так хочу, чтоб меня поняли, что всех ненавижу!"").","Возможно острые сосудистые нарушения. См. сочетания [4], [6].",Хвойная,"[4] В сочетании с Лимоном в +++: купероз, нарушение работы печени. [6] В сочетании с Иланг-илангом в +++: нарушение сердечного ритма.","Важно, чтобы рядом был ответственный и стабильный союзник (для Ж). Важно чувствовать себя стабильным и востребованным (для М).",Кипарис|---
Кипарис,0,"Заблокированные глубокие переживания. См. сочетания [2], [3].",,Хвойная,[2] В сочетании с Ладаном и/или Бензоином: непрожитая потеря близкого человека. [3] Если рядом (в одной группе) Ладан и/или Пихта: страх смерти.,"Важно, чтобы рядом был ответственный и стабильный союзник (для Ж). Важно чувствовать себя стабильным и востребованным (для М).",Кипарис|0
Кипарис,R,"Конфликт с мужчиной (типа Кипарис), этого типа (для Ж). Попытка разобраться в своих чувствах (для М).",,Хвойная,,,Кипарис|R
Ель,+++,"Есть внешние страхи. Социальная тревожность (внешние страхи), мб панические атаки. См. сочетание [1], [2] .","Нарушение ДС. Окислительный стресс. См. сочетания [3], [4], [5].",Хвойная,"[1] В сочетании с Кипарисом, Можжевеловыми ягодами: потребность в поддержке на фоне страхов. [2] В сочетании с Пихтой, Можжевеловыми ягодами в +++: человек не справляется со страхами, смотрим где Анис и Фенхель. [3] В сочетании с Каяпутом в +++/+: может быть обострение Дорсопатии. [4] В сочетании с цитрусовой группой в +++/+ (более 4х масел): окислительный стресс. [5] В сочетании с Чабрецом, Эвкалиптом, или Анисом в +++/+: остаточные явления после ОРВИ с нарушение ДС.",Панические атаки.,Ель|+++
Ель,+,Есть внешние страхи.,Остаточные явления после нарушений ДС.,Хвойная,,Панические атаки.,Ель|+
Ель,N,,Нет напряжения.,Хвойная,,Панические атаки.,Ель|N
Ель,-,,Хр. нарушения ОДС,Хвойная,,Панические атаки.,Ель|-
Ель,---,"Социальная тревожность (внешние страхи), возможно панические атаки. См. сочетание [1], [2].
",,Хвойная,"[1] В сочетании с Кипарисом, Можжевеловыми ягодами: потребность в поддержке на фоне страхов. [2] В сочетании с Пихтой, Можжевеловыми ягодами в +++: человек не справляется со страхами, смотрим где Анис и Фенхель.",Панические атаки.,Ель|---
Ель,0,Заблокированные страхи. Панические атаки.,,Хвойная,,,Ель|0
Ель,R,Панические атаки.,,Хвойная,,,Ель|R
Пихта,+++,"Тотальное перенапряжение, страхи. См. сочетания [1], [2], [3].",Мб ЛОР-нарушения.,Хвойная,"[1] Усиливает/нивелирует страхи. Смотрим где стоит Ель и Можжевеловые ягоды. Если в одной группе (+++/+ или ---/-), то усиление. Если в разных, неярко выраженные страхи. [2] Если рядом (в одной группе) Ладан и/или Кипарис: страх смерти. [3] Ель, Пихта, Можжевеловые ягоды в +++: человек не справляется со страхами.",Ключевая проблема. Глубокие переживания. Возможно обострение Хр. заболеваний.,Пихта|+++
Пихта,+,"Тотальное перенапряжение, страхи. См. сочетания [1], [2], [3]",Мб ЛОР-нарушения.,Хвойная,"[1] Усиливает/нивелирует страхи. Смотрим где стоит Ель и Можжевеловые ягоды. Если в одной группе (+++/+ или ---/-), то усиление. Если в разных, неярко выраженные страхи. [2] Если рядом (в одной группе) Ладан и/или Кипарис: страх смерти. [3] Ель, Пихта, Можжевеловые ягоды в +++: человек не справляется со страхами.",Ключевая проблема. Глубокие переживания. Возможно обострение Хр. заболеваний.,Пихта|+
Пихта,N,Нет перегрузок.,,Хвойная,,Ключевая проблема. Глубокие переживания. Возможно обострение Хр. заболеваний.,Пихта|N
Пихта,-,,Хр. ЛОР заболевания. Нейродермиты. См. сочетание [4].,Хвойная,[4] В сочетании с Геранью (в одной группе): ЛОР-нарушения.,Ключевая проблема. Глубокие переживания. Возможно обострение Хр. заболеваний.,Пихта|-
Пихта,---,"Тотальное перенапряжение, страхи. См. сочетания [1]. [2]",См. сочетание [5],Хвойная,"[1] Усиливает/нивелирует страхи. Смотрим где стоит Ель и Можжевеловые ягоды. Если в одной группе (+++/+ или ---/-), то усиление. Если в разных, неярко выраженные страхи. [2] Если рядом (в одной группе) Ладан и/или Кипарис: страх смерти. [5] В сочетании с Бензоином: нейродермиты.",Ключевая проблема. Глубокие переживания. Возможно обострение Хр. заболеваний.,Пихта|---
Пихта,0,Заблокированные тотальные переживания. См. сочетание [2]. ,Хронические ЛОР-заболевания. Нейродермиты. См. сочетание [4].,Хвойная,[2] Если рядом (в одной группе) Ладан и/или Кипарис: страх смерти. [4] В сочетании с Геранью (в одной группе): ЛОР-нарушения. [5] В сочетании с Бензоином: нейродермиты.,Ключевая проблема. Глубокие переживания. Возможно обострение Хр. заболеваний.,Пихта|0
Пихта,R,Глубокие переживания. Возможно обострение хр. заболеваний,,Хвойная,,,Пихта|R
Можжевеловые ягоды,+++,"Ярко выраженные внутренние страхи. См. сочетания [1], [2], [3].","Мб Отеки. Воспаление. См. сочетания [4], [5].",Хвойная,"[1] В сочетании с Пихтой: усиливаются/нивелируются внутренние страхи. [2] Важно учитывать положение в группе +++. На 1 или 2 месте: проявленные внутренние страхи, с чем связаны смотрим по аромату стоящему рядом (1 или 2 местом). 3 место: глубинный запрос и первые два будут инструментом для компенсации. [3] В сочетании с Елью, Пихтой, Можжевеловыми ягодами в +++: человек не справляется со страхами. [4] В сочетании с Полынью в +++: может быть эндокринные нарушения. [5] В сочетании с Кедром в +++/—: отеки. [6] В сочетании с Кедром в -: нарушения МПС",Ярко выраженные внутренние страхи.,Можжевеловые ягоды|+++
Можжевеловые ягоды,+,Тревожность,Застойные процессы в лимфе,Хвойная,,Ярко выраженные внутренние страхи.,Можжевеловые ягоды|+
Можжевеловые ягоды,N,Нет внутренних страхов.,Норма функция МПС.,Хвойная,,Ярко выраженные внутренние страхи.,Можжевеловые ягоды|N
Можжевеловые ягоды,-,Подавленная тревожность. ,Хр. нарушения МПС. Смотри сочетание [6].,Хвойная,[6] В сочетании с Кедром в -: нарушения МПС,Ярко выраженные внутренние страхи.,Можжевеловые ягоды|-
Можжевеловые ягоды,---,Ярко выраженные внутренние страхи. См. сочетание [1].,"Мб Отеки. Воспаление. См. сочетания [4],[5] .",Хвойная,[1] В сочетании с Пихтой: усиливаются/нивелируются внутренние страхи. [4] В сочетании с Полынью в +++: может быть эндокринные нарушения. [5] В сочетании с Кедром в +++/—: отеки. [6] В сочетании с Кедром в -: нарушения МПС,Ярко выраженные внутренние страхи.,Можжевеловые ягоды|---
Можжевеловые ягоды,0,Заблокированные (подавленные) внутренние страхи.,Хр. нарушения МПС. См сочетание  [6],Хвойная,[6] В сочетании с Кедром в -: нарушения МПС,Ярко выраженные внутренние страхи.,Можжевеловые ягоды|0
Можжевеловые ягоды,R,Ярко выраженные внутренние страхи.,,Хвойная,,,Можжевеловые ягоды|R
Анис,+++,"Фиксация на детских переживаниях. Неумение чувствовать границы. Возможно ""слёзный"" период. См. сочетания [1], [2], [3], [4], [5].","Тошнота. ОРВИ. Обострение хр. нарушений ДС. См. сочетания [6], [8], [9]",Пряная,"[1] Анис, Фенхель (+++/+): проявление тревожности. [2] Важно! +++ на каком месте стоит. 1 или 2 место: фиксация на детских переживаниях, а 3-ем месте: глубинные переживания из детства. Ищем причину в других комбинациях. [3] Анис, Фенхель и Ель/Пихта/Можжевельник: человека преследуют навязчивые страхи. [4] Анис/Фенхель в сочетании с Чабрецом: тотально снижена самооценка, человек занимается самокопанием. [5] В сочетании с Анисом и Чабрецом: зависимость/склонность к зависимости, часто у курильщиков. [6] В сочетании с Фенхелем в +++/+/---: высокое содержание слизи в кишечнике. [8] В сочетании с Анисом/Фенхелем/Чабрецом: ОРВИ. [9] Необходимо учитывать день цикла и ГВ, в первые дни цикла и ГВ это Норма. [10] В сочетании с Фенхелем, Анисом, Ветивером, Чабрецом: дисбактериоз","Фиксация на детских переживаниях. Неумение чувствовать границы. Мб ""слезный"" период. См. сочетания [1], [2], [5].",Анис|+++
Анис,+,"Волнение, переживания. Детские воспоминания, обиды. См. сочетания [3], [4].",Остаточные проявления нарушений ДС.,Пряная,"[3] Анис, Фенхель и Ель/Пихта/Можжевельник: человека преследуют навязчивые страхи. [4] Анис/Фенхель в сочетании с Чабрецом: тотально снижена самооценка, человек занимается самокопанием.","Фиксация на детских переживаниях. Неумение чувствовать границы. Мб ""слезный"" период. См. сочетания [1], [2], [5].",Анис|+
Анис,N,Реализованный детский период,Норма функция,Пряная,,"Фиксация на детских переживаниях. Неумение чувствовать границы. Мб ""слезный"" период. См. сочетания [1], [2], [5].",Анис|N
Анис,-,Подавленные волнения.,Застойные процессы ДС. См. сочетания [7] [10],Пряная,"[7] Усиливается Бензоином, Эвкалиптом в этой группе. [10] В сочетании с Фенхелем, Анисом, Ветивером, Чабрецом: дисбактериоз","Фиксация на детских переживаниях. Неумение чувствовать границы. Мб ""слезный"" период. См. сочетания [1], [2], [5].",Анис|-
Анис,---,Подавленная тревожность. Подавленные детские страхи.,"Тошнота. ОРВИ. Обострение хр. нарушений ДС. См. сочетания [6], [8], [9]",Пряная,"[6] В сочетании с Фенхелем в +++/+/---: высокое содержание слизи в кишечнике. [8] В сочетании с Анисом/Фенхелем/Чабрецом: ОРВИ. [9] Необходимо учитывать день цикла и ГВ, в первые дни цикла и ГВ это Норма.","Фиксация на детских переживаниях. Неумение чувствовать границы. Мб ""слезный"" период. См. сочетания [1], [2], [5].",Анис|---
Анис,0,Глубокий конфликт или переживания связанный с детством.,,Пряная,,"Фиксация на детских переживаниях. Неумение чувствовать границы. Мб ""слезный"" период. См. сочетания [1], [2], [5].",Анис|0
Анис,R,"Фиксация на детских переживаниях. Неумение чувствовать границы. Возможно ""слёзный"" период. См. сочетания [1], [2], [3], [4], [5].",,Пряная,"[1] Анис, Фенхель (+++/+): проявление тревожности. [2] Важно! +++ на каком месте стоит. 1 или 2 место: фиксация на детских переживаниях, а 3-ем месте: глубинные переживания из детства. Ищем причину в других комбинациях. [3] Анис, Фенхель и Ель/Пихта/Можжевельник: человека преследуют навязчивые страхи. [4] Анис/Фенхель в сочетании с Чабрецом: тотально снижена самооценка, человек занимается самокопанием. [5] В сочетании с Анисом и Чабрецом: зависимость/склонность к зависимости, часто у курильщиков.","Фиксация на детских переживаниях. Неумение чувствовать границы. Мб ""слезный"" период. См. сочетания [1], [2], [5].",Анис|R
Гвоздика,+++,"Яркие переживания, сильное перенапряжение, мб истерика. См. сочетание [1].",Нарушение микроциркуляции. ВСД. См. сочетание [3].,Пряная,[1] В сочетании с Мятой: эмоциональная зацикленность.[3] В сочетании с Мятой: нарушение мозгового кровообращения.,Сильное перенапряжение. Истерика,Гвоздика|+++
Гвоздика,+,"Волнение, переживания ",Обратить внимание на работу НС.,Пряная,,Сильное перенапряжение. Истерика,Гвоздика|+
Гвоздика,N,Умение управлять эмоциями. Внутренняя уверенность. *если это не единичное масло.,НС без перегрузок.,Пряная,,Сильное перенапряжение. Истерика,Гвоздика|N
Гвоздика,-,Сильное волнение.,Паразитарный процесс. См. сочетание [2].,Пряная,"[1] В сочетании с Мятой: эмоциональная зацикленность. [2] Паразитарная инвазия усиливается ароматами, в этом секторе: Полынь, Аир, Береза, Эвкалипт. ",Сильное перенапряжение. Истерика,Гвоздика|-
Гвоздика,---,"Яркие переживания, сильное перенапряжение, мб истерика. См. сочетание [1].",Паразитарный процесс. См. сочетание [2].,Пряная,"[1] В сочетании с Мятой: эмоциональная зацикленность. [2] Паразитарная инвазия усиливается ароматами, в этом секторе: Полынь, Аир, Береза, Эвкалипт. ",Сильное перенапряжение. Истерика,Гвоздика|---
Гвоздика,0,Заблокированная истерика.,,Пряная,,,Гвоздика|0
Гвоздика,R,Сильное перенапряжение. Истерика.,,Пряная,,,Гвоздика|R
Мята,+++,Умственное перенапряжение. Активная интеллектуальная деятельность. См. сочетание [1].,"Склонность к повышению давления. См. сочетания [2], [3], [4].",Пряная,"[1] Проверяем комбинацию ЛГР. [2] В сочетании с Лавандой/Иланг-илангом в (+/+++): склонность к повышенному АД. [3] В сочетании с Лавандой/Кипарисом в (+/ +++): может быть нарушение ритма, нарушение ССС. [4] Розмарин в +++: ВСД.",Нежелание встраиваться в осознание проблем.,Мята|+++
Мята,+,Активная интеллектуальная деятельность.,"Склонность к повышению давления. См. сочетания [2], [3], [4].",Пряная," [2] В сочетании с Лавандой/Иланг-илангом в (+/+++): склонность к повышенному АД. [3] В сочетании с Лавандой/Кипарисом в (+/ +++): может быть нарушение ритма, нарушение ССС. [4] Розмарин в +++: ВСД.",Нежелание встраиваться в осознание проблем.,Мята|+
Мята,N,Высокая способность контролировать эмоции.,Высокая способность контролировать НС.,Пряная,,Нежелание встраиваться в осознание проблем.,Мята|N
Мята,-,Нежелание осознавать проблемы. См. сочетание [1],"Хронические сосудистые нарушения. См. сочетания [5], [6].",Пряная,[1] Проверяем комбинацию ЛГР. [5] Литцея Кубеба и Мята и Эвкалипт: последствия травмы/нарушение работы ЦНС. [6] В сочетании с Иланг-илангом в: нарушение работы ССС,Нежелание встраиваться в осознание проблем.,Мята|-
Мята,---,"Протест, отрицание происходящего. См. сочетание [1].",Мб нарушение мозгового кровообращения. См. сочетание [5].,Пряная,[1] Проверяем комбинацию ЛГР. [5] Литцея Кубеба и Мята и Эвкалипт: последствия травмы/нарушение работы ЦНС.,Нежелание встраиваться в осознание проблем.,Мята|---
Мята,0,"Протест, отрицание просходящего. См. сочетание [1].",,Пряная,[1] Проверяем комбинацию ЛГР. ,,Мята|0
Мята,R,Нежелание встраиваться в осознание проблем.,,Пряная,,,Мята|R
Чабрец,+++,"Желание поднять самооценку. См. сочетания [1], [2].",Мб ОРВИ: см. сочетание [5].,Пряная,"[1] Опираемся на выводы по Цитрусовой группе. [2] В сочетании с Анисом и Чабрецом: зависимость/склонность к зависимости, часто у курильщиков. [5] В сочетании с Анисом/Фенхелем: ОРВИ.",Низкая самооценка,Чабрец|+++
Чабрец,+,Незначительные переживания. См. сочетание [1],Остаточные явления после ОРВИ или бактериальной инфекции.,Пряная,[1] Опираемся на выводы по Цитрусовой группе.,Низкая самооценка,Чабрец|+
Чабрец,N,Умение и желание ценить себя!,Норма функция.,Пряная,,Низкая самооценка,Чабрец|N
Чабрец,-,Низкая самооценка.,"Хронический грибковый процесс. См. сочетания [3], [4], [5].",Пряная,[3] В сочетании с Фенхелем: локализация в кишечнике. [4] В сочетании с Литцеей в (+++): может быть в НС. [5] В сочетании с Анисом/Фенхелем: ОРВИ.,Низкая самооценка,Чабрец|-
Чабрец,---,"Болезненное переживание, сниженная самооценка.",МБ ОРВИ: см. сочетание [5].,Пряная,[5] В сочетании с Анисом/Фенхелем: ОРВИ.,Низкая самооценка,Чабрец|---
Чабрец,0,"Болезненное переживание, сниженная самооценка.",,Пряная,,,Чабрец|0
Чабрец,R,,МБ ОРВИ: см. сочетание [5].,Пряная, [5] В сочетании с Анисом/Фенхелем: ОРВИ.,,Чабрец|R
Фенхель,+++,"Ярко выраженная потребность в тепле и поддержке. См. сочетания [1], [2], [3].","Брожение в кишечнике. ПМС. См. сочетания [4], [5]",Пряная,"[1] В сочетании с Анисом в (+++/+): подавленная тревожность. [2] Важно! В +++ на каком месте стоит. 1 или 2 место: яркий запрос. На 3-ем месте: глубинные переживания из детства. Ищем причину в других комбинациях. [3] В сочетании с Анисом и Елью/Пихтой/Можжевеловыми ягодами: человека преследуют навязчивые страхи. [4] Необходимо учитывать день цикла и ГВ, в первые дни цикла и ГВ это норма. [5] В сочетании с Чабрецом: ОРВИ.",Запрос на поддержку и заботу.,Фенхель|+++
Фенхель,+,Хочется тепла и уюта.,МБ брожение в кишечнике. См. сочетание [4].,Пряная,"[4] Необходимо учитывать день цикла и ГВ, в первые дни цикла и ГВ это норма. [5] В сочетании с Чабрецом: ОРВИ.",Запрос на поддержку и заботу.,Фенхель|+
Фенхель,N,Стабильные эмоции,Норма функция.,Пряная,,Запрос на поддержку и заботу.,Фенхель|N
Фенхель,-,Подавленные эмоции.,Высокий уровень слизи. Протекающий кишечник. Гормональная разбалансировка. См. сочетание [4].,Пряная,"[4] Необходимо учитывать день цикла и ГВ, в первые дни цикла и ГВ это норма. [5] В сочетании с Чабрецом: ОРВИ.",Запрос на поддержку и заботу.,Фенхель|-
Фенхель,---,Ярко выраженная потребность в тепле и поддержке.,Высокий уровень слизи. См. сочетание [4].,Пряная,"[4] Необходимо учитывать день цикла и ГВ, в первые дни цикла и ГВ это норма.",Запрос на поддержку и заботу.,Фенхель|---
Фенхель,0,Подавленные эмоции.,,Пряная,,,Фенхель|0
Фенхель,R,Эмоциональная нестабильность,,Пряная,,,Фенхель|R
Лаванда,+++,"Осознанность по ЛГР: см. сочетание [1] Эмоциональное перенапряжение. Яркая потребность в принятии ""женской роли"". См. сочетания [3], [4].",Нарушение сна. Мб склонность к повышению АД,Цветочная,"[1] Смотрим комбинацию ЛГР. [3] В сочетании с Мятой, Кипарисом и Иланг-илангом в (+/+++): склонность к повышенному АД. [4] В сочетании с Мятой, Кипарисом рядом в (+/+++): мб нарушение ритма, нарушение ССС.",Осознанность! Но все зависит от знака ( +/-),Лаванда|+++
Лаванда,+,"Осознанность. См. сочетания [3], [4]",Нарушение сна.,Цветочная," [3] В сочетании с Мятой, Кипарисом и Иланг-илангом в (+/+++): склонность к повышенному АД. [4] В сочетании с Мятой, Кипарисом рядом в (+/+++): мб нарушение ритма, нарушение ССС.",Осознанность! Но все зависит от знака ( +/-),Лаванда|+
Лаванда,N,Состояние ресурсное. Можно выводить в активные осознанные процессы.,Норма функция.,Цветочная,,Осознанность! Но все зависит от знака ( +/-),Лаванда|N
Лаванда,-,"Нежелание, неспособность брать ответственность. См. сочетание [1]",Перенапряжение. Склонность к повышению АД.,Цветочная,[1] Смотрим комбинацию ЛГР.,Осознанность! Но все зависит от знака ( +/-),Лаванда|-
Лаванда,---,Напряженное состояние. Принятие ответственности через напряжение. См. сочетание [1].,Нарушение сна.,Цветочная,[1] Смотрим комбинацию ЛГР.,Осознанность! Но все зависит от знака ( +/-),Лаванда|---
Лаванда,0,Заблокированная осознанность. Нежелание брать ответственность. См. сочетание [1].,,Цветочная,[1] Смотрим комбинацию ЛГР.,Осознанность! Но все зависит от знака ( +/-),Лаванда|0
Лаванда,R,Страх войти в осознание происходящего.,,Цветочная,"[1] Смотрим комбинацию ЛГР. [2] Смотрим комбинацию с Ванилью (мама): принятие “женской роли”. Есть конфликт или нет, все зависит от знака (+/-). Лаванда и Ваниль в (+/+++): потребность стабилизировать отношения с матерью. Ваниль в (+++/+), Лаванда в (---/-): непринятие своей женской роли (для Ж), нежелание вовлекаться в женские задачи (для М). [3] В сочетании с Мятой, Кипарисом и Иланг-илангом в (+/+++): склонность к повышенному АД. [4] В сочетании с Мятой, Кипарисом рядом в (+/+++): мб нарушение ритма, нарушение ССС.",,Лаванда|R
Герань,+++,Женский аромат. Готовность к изменениям: см. сочетание [1]. Желание быть эффектной (у Ж). Интерес к яркому типажу женщин (у М.).,Изменение в работе эндокринной системы (возможно осознанные). См. сочетание [2].,Цветочная,[1] Смотрим комбинацию (ЛГР). [2] В сочетание с Грейпфрутом в +++/---: нарушение работы щитовидной железы.,"Женский аромат. Готовность изменениям, см. ЛГР Перемены, . Желание быть эффектной (у Ж). Интерес к яркому типажу женщин (у М). См. сочетания [1], [2].",Герань|+++
Герань,+,Настройка на изменения.,Изменение в работе эндокринной системы (возможно осознанные). См. сочетание [2].,Цветочная, [2] В сочетание с Грейпфрутом в +++/---: нарушение работы щитовидной железы.,"Женский аромат. Готовность изменениям, см. ЛГР Перемены, . Желание быть эффектной (у Ж). Интерес к яркому типажу женщин (у М). См. сочетания [1], [2].",Герань|+
Герань,N,"Принятие, настройка, удовлетворение происходящим.",Норма функция.,Цветочная,,"Женский аромат. Готовность изменениям, см. ЛГР Перемены, . Желание быть эффектной (у Ж). Интерес к яркому типажу женщин (у М). См. сочетания [1], [2].",Герань|N
Герань,-,Нежелание изменений.,Хр. Эндокринные нарушения. Мб на фоне приема некорректно подобранных гормональных препаратов.,Цветочная,,"Женский аромат. Готовность изменениям, см. ЛГР Перемены, . Желание быть эффектной (у Ж). Интерес к яркому типажу женщин (у М). См. сочетания [1], [2].",Герань|-
Герань,---,"Напряженное состояние на изменения, см. сочетание [1]. Перемены с преодолением внутреннего сопротивления. Напряженное желание яркости (у Ж). Интерес к яркому типажу женщин (у М) — через внутренний страх несоответствия.",,Цветочная,,"Женский аромат. Готовность изменениям, см. ЛГР Перемены, . Желание быть эффектной (у Ж). Интерес к яркому типажу женщин (у М). См. сочетания [1], [2].",Герань|---
Герань,0,Страх перед переменами. Нежелание изменений.,,Цветочная,,"Женский аромат. Готовность изменениям, см. ЛГР Перемены, . Желание быть эффектной (у Ж). Интерес к яркому типажу женщин (у М). См. сочетания [1], [2].",Герань|0
Герань,R,Страх перед переменами. Нежелание изменений.,,Цветочная,,,Герань|R
Пальмароза,+++,"Женский аромат. Истерия, навязанная внешними факторами. Если аромат на 1 или 2 месте, то есть потребность в синхронизации. Если на 3-ем: см. сочетание [1].",Возможно ПМС: см. сочетание [2],Цветочная,[1] Насколько процесс осмыслен можно посмотреть по ЛГР.,Истерия навязанная внешними факторами. Ищем причину в сочетаниях,Пальмароза|+++
Пальмароза,+,Эмоциональная перегрузка.,Нарушение адаптации: см. сочетание [3],Цветочная,[3] В ключе +++ будет Литцея Кубеба и/или Грейпфрут.,Истерия навязанная внешними факторами. Ищем причину в сочетаниях,Пальмароза|+
Пальмароза,N,Синхронизация с пространством. Гармоничное состояние.,Норма функция.,Цветочная,,Истерия навязанная внешними факторами. Ищем причину в сочетаниях,Пальмароза|N
Пальмароза,-,Нежелание решать конфилкт с женщиной или женским коллективом,Застойные процессы в кишечнике.,Цветочная,,Истерия навязанная внешними факторами. Ищем причину в сочетаниях,Пальмароза|-
Пальмароза,---,"Истерия навязанная внешними факторами. ""Бабы достали"".",Нарушение работы ЖКТ. Возможно ПМС,Цветочная,,Истерия навязанная внешними факторами. Ищем причину в сочетаниях,Пальмароза|---
Пальмароза,0,Заблокированная истерия. Конфликт с женщиной.,,Цветочная,,Истерия навязанная внешними факторами. Ищем причину в сочетаниях,Пальмароза|0
Пальмароза,R,Истерия навязанная внешними факторами. Ищем причину в сочетаниях.,,Цветочная,,,Пальмароза|R
Ваниль,+++,Женский аромат. Потребность в поддержке мамы: см. сочетание [1]. Значимость маминой фигуры.,"Углеводная зависимость, склонность к повышению сахара: см. сочетания [3], [4], [5]. Пигментация кожи.",Цветочная,"[1] См. комбинацию с Лавандой (если в +/+++): принятие. Если Лаванда (-), то конфликт. [3] В сочетании с Грейпфрутом/Апельсином: нарушение пищевого поведения. [4] В сочетании с Геранью в (-): ситуация может быть усилена и другими Ж маслами или др М маслами. [5] Эвкалипт в +++/+/---: склонность к повышению сахара.",Женский аромат. Потребность в поддержке мамы. См. с [1]. Значимость маминой фигуры.,Ваниль|+++
Ваниль,+,Не ярко выраженная потребность в поддержке.,"Углеводная зависимость, склонность к повышению сахара: см. сочетания [3], [4], [5]. Пигментация кожи.",Цветочная, [3] В сочетании с Грейпфрутом/Апельсином: нарушение пищевого поведения. [4] В сочетании с Геранью в (-): ситуация может быть усилена и другими Ж маслами или др М маслами. [5] Эвкалипт в +++/+/---: склонность к повышению сахара.,Женский аромат. Потребность в поддержке мамы. См. с [1]. Значимость маминой фигуры.,Ваниль|+
Ваниль,N,Эмоциональная зрелость. Усиливается Лавандой в N или в +.,Нет углеводной зависимости.,Цветочная,,Женский аромат. Потребность в поддержке мамы. См. с [1]. Значимость маминой фигуры.,Ваниль|N
Ваниль,-,Глубокий эмоциональный конфликт или переживания: см. сочетание [2].,Гормональная разбалансировка: см. сочетание [4].,Цветочная,"[2] Если Лаванда (+/+++), то попытка осознать происходящее. Если (-), то высокое напряжение. Необходимо оценить, где стоит Анис и Мандарин.[4] В сочетании с Геранью в (-): ситуация может быть усилена и другими Ж маслами или др М маслами.",Женский аромат. Потребность в поддержке мамы. См. с [1]. Значимость маминой фигуры.,Ваниль|-
Ваниль,---,Женский аромат. Потребность в поддержке мамы. См. сочетание 1. Значимость маминой фигуры.,"Углеводная зависимость, склонность к повышению сахара: см. сочетания [3], [4], [5]. Пигментация кожи.",Цветочная,"[1] См. комбинацию с Лавандой (если в +/+++): принятие. Если Лаванда (-), то конфликт. [3] В сочетании с Грейпфрутом/Апельсином: нарушение пищевого поведения. [4] В сочетании с Геранью в (-): ситуация может быть усилена и другими Ж маслами или др М маслами. [5] Эвкалипт в +++/+/---: склонность к повышению сахара.",Женский аромат. Потребность в поддержке мамы. См. с [1]. Значимость маминой фигуры.,Ваниль|---
Ваниль,0,,Глубокий конфликт или переживания: см. сочетание [2].,Цветочная,"[2] Если Лаванда (+/+++), то попытка осознать происходящее. Если (-), то высокое напряжение. Необходимо оценить, где стоит Анис и Мандарин.",Женский аромат. Потребность в поддержке мамы. См. с [1]. Значимость маминой фигуры.,Ваниль|0
Ваниль,R,,Трудности построения межличностных отношений.,Цветочная,,,Ваниль|R
Иланг-иланг,+++,"Тотальное перенапряжение, потребность в снятии контроля.","На 1,2 месте высокая вероятность грибковых заражений, на 3-ем месте - склонность к повышению АД. См. сочетания [2], [3], [4].",Цветочная," [2] В сочетании с Чабрецом в -: высокий грибковый фон. [3] Лаванда, Мята, Кипарис рядом в + или +++: может быть нарушение ССС, сердечного ритма, сосудистая патология. [4] В сочетании с Кипарисом в +++: нарушение сердечного ритма.","Тотальное перенапряжение, потребность в снятии контроля.",Иланг-иланг|+++
Иланг-иланг,+,Потребность в тактильном контакте: см. сочетание [1].,"МБ грибковое поражение кожи, себорея.",Цветочная,[1] Делаем выводы исходя из комбинаций в группе +++/---. С акцентом на мужскую и Цветочную группы.,"Тотальное перенапряжение, потребность в снятии контроля.",Иланг-иланг|+
Иланг-иланг,N,"Принятие себя, своей сексуальности. Уверенность, при Чабреце в N.",Норма функция.,Цветочная,,"Тотальное перенапряжение, потребность в снятии контроля.",Иланг-иланг|N
Иланг-иланг,-,Эмоциональная перегрузка.,МБ хр нарушения ССС. Высокий уровень грибковой нагрузки.,Цветочная,,"Тотальное перенапряжение, потребность в снятии контроля.",Иланг-иланг|-
Иланг-иланг,---,"Перенапряжение, страхи.",Возможно нарушение ритма. Головные боли. См. сочетание [3].,Цветочная,"[3] Лаванда, Мята, Кипарис рядом в + или +++: может быть нарушение ССС, сердечного ритма, сосудистая патология","Тотальное перенапряжение, потребность в снятии контроля.",Иланг-иланг|---
Иланг-иланг,0,Тотальное перенапряжение. Заблокированная сексуальность,,Цветочная,,"Тотальное перенапряжение, потребность в снятии контроля.",Иланг-иланг|0
Иланг-иланг,R,"Перенапряжение, паника.",,Цветочная,,,Иланг-иланг|R
Бензоин,+++,"Эмоциональная потребность в поддержке отца, поддержке. См. сочетания [1], [2].","Сухая кожа. Бронхолегочные нарушения. См. сочетания [3], [4]",Цветочная,"[1] Анис стоит в +/+++: осознанная обида на отца. Если Анис в 0 или в в -: непрожитые, заблокированные переживания. Сложно выстраивать взаимоотношения с др людьми. [2] Ладан и/или Бензоин, Кипарис: непрожитая потеря близкого человека. [3] В комбинации с Анисом, Эвкалиптом и Апельсин: нарушение ДС. [4] В сочетании с Мандарином/Бергамотом: сухая кожа.",Потребность в поддержке отца. Значимость отцовской фигуры.,Бензоин|+++
Бензоин,+,"Внимание к отцу. См. сочетания [1], [2]",Сухая кожа.,Цветочная,"[1] Анис стоит в +/+++: осознанная обида на отца. Если Анис в 0 или в -: непрожитые, заблокированные переживания. Сложно выстраивать взаимоотношения с др людьми. [2] Ладан и/или Бензоин, Кипарис: непрожитая потеря близкого человека. ",Потребность в поддержке отца. Значимость отцовской фигуры.,Бензоин|+
Бензоин,N,Эмоциональная зрелость. Усиливается Лавандой в N или +.,,Цветочная,,Потребность в поддержке отца. Значимость отцовской фигуры.,Бензоин|N
Бензоин,-,Сложно выстраивать отношения с окружением.,Хр. застойные процессы в легких.,Цветочная,,Потребность в поддержке отца. Значимость отцовской фигуры.,Бензоин|-
Бензоин,---,Трудность построения социальных отношений.,"Сухая кожа. Бронхолегочные нарушения. См. сочетания [3], [4].",Цветочная,"[3] В комбинации с Анисом, Эвкалиптом и Апельсин: нарушение ДС. [4] В сочетании с Мандарином/Бергамотом: сухая кожа.",Потребность в поддержке отца. Значимость отцовской фигуры.,Бензоин|---
Бензоин,0,Эмоционально непрожитый конфликт с отцом. См. сочетание [2].,,Цветочная,"[2] Ладан и/или Бензоин, Кипарис: непрожитая потеря близкого человека.",Потребность в поддержке отца. Значимость отцовской фигуры.,Бензоин|0
Бензоин,R,Трудность построения социальных отношений.,,Цветочная,,,Бензоин|R
Эвкалипт,+++,"Потребность, поиск новой информации, новых решений.","Обезвоженность. Мб высокий уровень сахара. Возможно ОРВИ. См. сочетания [1], [2], [3], [4]",Пряная,"[1] В сочетании с Чабрецом +++/+: ОРВИ. [2] В сочетании с Анисом, Бензоином и цитрусовыми в (+++/+, - , О): нарушение ДС. [3] В сочетании с Можжевеловыми ягодами в +++/+: нарушение функции почек. [4] Ваниль в +++/+/---: склонность к повышению сахара.","Есть новая информация, что с ней делать - непонятно!",Эвкалипт|+++
Эвкалипт,+,Поиск новой информации.,Мб ОРВИ. См. сочетание [4].,Пряная,[4] Ваниль в +++/+/---: склонность к повышению сахара.,"Есть новая информация, что с ней делать - непонятно!",Эвкалипт|+
Эвкалипт,N,Поиск новой информации и решений - обычное состояние. Норма жизни.,Норма функция.,Пряная,,"Есть новая информация, что с ней делать - непонятно!",Эвкалипт|N
Эвкалипт,-,Нет интереса к получению новой информации. Отказ от обучения.,"Хр. нарушения ДС. См. сочетания [5], [6].",Пряная,[5] В сочетании с Анисом в ---/-: нарушение ДС. [6] В сочетании с Литцей и Мятой: последствия травмы ЦНС.,"Есть новая информация, что с ней делать - непонятно!",Эвкалипт|-
Эвкалипт,---,"Напряженный поиск новой информации, новых решений.","Обезвоженность. Мб высокий уровень сахара. Возможно ОРВИ. См. сочетания [1], [2], [3], [4], [6] .",Пряная,"[1] В сочетании с Чабрецом +++/+: ОРВИ. [2] В сочетании с Анисом, Бензоином и цитрусовыми в (+++/+, - , О): нарушение ДС. [3] В сочетании с Можжеволовыми ягодами в +++/+: нарушение функции почек. [4] Ваниль в +++/+/---: склонность к повышению сахара. [6] В сочетании с Литцей и Мятой: последствия травмы ЦНС.","Есть новая информация, что с ней делать - непонятно!",Эвкалипт|---
Эвкалипт,0,"Нет интереса к получению новой информации, нового опыта.",,Пряная,,,Эвкалипт|0
Эвкалипт,R,"Нет интереса к получению новой информации, нового опыта.",,Пряная,,,Эвкалипт|R
Берёза,+++,Обычно выбирают руководители. Аромат Лидеров.,"Острый паразитарный процесс: см. сочетания [1], [2].",Древесно-травяная,[1] В сочетании с Полынью в +++/+: может быть острый паразитарный процесс на коже. [2] В сочетании с Гвоздикой: может быть острый паразитарный процесс в ЖКТ.,Потребность в эмоциональной разрядке,Берёза|+++
Берёза,+,"Возможно было эмоциональное состояние (событие), выплеснутые эмоцие.",Кожный паразитарный процесс: см. сочетание [1].,Древесно-травяная,[1] В сочетании с Полынью в +++/+: может быть острый паразитарный процесс на коже.,Потребность в эмоциональной разрядке,Берёза|+
Берёза,N,Умение управлять эмоциями. Внутренняя уверенность. *если это не единичное масло.,Норма функция.,Древесно-травяная,,Потребность в эмоциональной разрядке,Берёза|N
Берёза,-,Заблокированные эмоции.,Хр. паразитарный процесс. Мб описторхоз.,Древесно-травяная,,Потребность в эмоциональной разрядке,Берёза|-
Берёза,---,Заблокированные эмоции.,"Острый паразитарный процесс: см. сочетания [1], [2].",Древесно-травяная,[1] В сочетании с Полынью в +++/+: может быть острый паразитарный процесс на коже. [2] В сочетании с Гвоздикой: может быть острый паразитарный процесс в ЖКТ.,Потребность в эмоциональной разрядке,Берёза|---
Берёза,0,Страх на выражение эмоций.,,Древесно-травяная,,Потребность в эмоциональной разрядке,Берёза|0
Берёза,R,Бурные эмоции и одновременно страх их выражать. Посмотреть где Ель и Пихта.,,Древесно-травяная,,,Берёза|R
Каяпут,+++,"Желание спрятаться: см. сочетание [1]. *ЕД: Яркое желание спрятаться. Привычка -""все сама, всё на себе"". Неумение попросить помощи См. [1], [2] .","Острая боль. Дорсопатия: см. сочетания [3], [4], [5].",Пряная,"[3] В сочетании с Анисом и/или Эвкалиптом в (+/ +++): нарушения ОДС, скорее всего грудной отдел. [4] В сочетании с Литцей и/или Мятой в (+ и/или+++): нарушения ОДС, скорее всего шейный отдел. [5] В сочетании с Фенхелем, Грейпфрутом, Лимоном в (+ и/или +++): нарушения ОДС, скорее всего поясничный отдел.","Яркое желание спрятаться. Привычка - все сама, всё на себе . Неумение попросить помощи См. [1], [2].",Каяпут|+++
Каяпут,+,"Яркое желание спрятаться. Привычка - ""все сама, всё на себе"". Неумение попросить помощи: см. сочетания [1], [2].","Напряжение в теле: см. сочетания [3], [4], [5].",Пряная,"[3] В сочетании с Анисом и/или Эвкалиптом в (+/ +++): нарушения ОДС, скорее всего грудной отдел. [4] В сочетании с Литцей и/или Мятой в (+ и/или+++): нарушения ОДС, скорее всего шейный отдел. [5] В сочетании с Фенхелем, Грейпфрутом, Лимоном в (+ и/или +++): нарушения ОДС, скорее всего поясничный отдел. ","Яркое желание спрятаться. Привычка - все сама, всё на себе . Неумение попросить помощи См. [1], [2].",Каяпут|+
Каяпут,N,"Яркое желание спрятаться. Привычка - ""все сама, всё на себе"". Неумение попросить помощи: см. сочетания [1], [2].",В данном периоде жизни напряжения нет,Пряная,"[1] Смотрим в какой позиции хвойная группа. [2] Обратить внимание, где стоят цитрусовая группа, возможно эта паттерн из детства. ","Яркое желание спрятаться. Привычка - все сама, всё на себе . Неумение попросить помощи См. [1], [2].",Каяпут|N
Каяпут,-,Неумение просить помощи.,Хронические напряжения. Дорсопатия. Суставные боли: см. сочетание [6].,Пряная,[6] В сочетании с Елью/Пихтой: возможны суставные боли.,"Яркое желание спрятаться. Привычка - все сама, всё на себе . Неумение попросить помощи См. [1], [2].",Каяпут|-
Каяпут,---,Напряжение. Нужна помощь.,"Острая боль. Дорсопатия: см. сочетания [3], [4], [5]",Пряная,"[3] В сочетании с Анисом и/или Эвкалиптом в (+/ +++): нарушения ОДС, скорее всего грудной отдел. [4] В сочетании с Литцей и/или Мятой в (+ и/или+++): нарушения ОДС, скорее всего шейный отдел. [5] В сочетании с Фенхелем, Грейпфрутом, Лимоном в (+ и/или +++): нарушения ОДС, скорее всего поясничный отдел. ","Яркое желание спрятаться. Привычка - все сама, всё на себе . Неумение попросить помощи См. [1], [2].",Каяпут|---
Каяпут,0,В данном периоде жизни напряжения нет.,,Пряная,,"Яркое желание спрятаться. Привычка - все сама, всё на себе . Неумение попросить помощи См. [1], [2].",Каяпут|0
Каяпут,R,Неумение просить помощи.,,Пряная,,,Каяпут|R
Розмарин,+++,Активные действия (нужно срочно что-то сделать: горы свернуть!).,"Гипотония. Недостаток норэпинефрина. См. сочетания [1], [2], [3], [4].",Пряная,"[1] В сочетании с Можжеволовыми ягодами в +++/+: острый воспалительный процесс МПС. [2] В сочетании с Можжеволовыми ягодами: хр процессы в МПС. [3] В сочетании с Мятой в +++/+: ВСД. [4] Недостаток норэпинефрина при недостаточной (бедной) микрофлоре. Смотрим по Фенхелю, Анису, Ветиверу.",Гиперактивные действия (Прыжок с парашютом). ВАЖНО понять настрой и готовность (ЛГР).,Розмарин|+++
Розмарин,+,Настрой на действие (активность),Склонность к гипотонии.,Пряная,,Гиперактивные действия (Прыжок с парашютом). ВАЖНО понять настрой и готовность (ЛГР).,Розмарин|+
Розмарин,N,Активность в состоянии готовности (можно высвобождать по необходимости). Состояние энергетического ресурса.,Норма функция.,Пряная,,Гиперактивные действия (Прыжок с парашютом). ВАЖНО понять настрой и готовность (ЛГР).,Розмарин|N
Розмарин,-,Отказ от активных действий или принятия решения (нежелание действовать). См. ЛГР.,Мб хр. гипотония. Хр. Нарушение МПС: см. сочетание [2].,Пряная,[2] В сочетании с Можжеволовыми ягодами: хр процессыв МПС.,Гиперактивные действия (Прыжок с парашютом). ВАЖНО понять настрой и готовность (ЛГР).,Розмарин|-
Розмарин,---,"Потребность (желание) активных действий, но есть напряжение (препятствие, чаще ментальное).",,Пряная,,Гиперактивные действия (Прыжок с парашютом). ВАЖНО понять настрой и готовность (ЛГР).,Розмарин|---
Розмарин,0,Гиперактивные действия (прыжок с парашютом). Важно понять настрой и готовность (ЛГР).,,Пряная,,Гиперактивные действия (Прыжок с парашютом). ВАЖНО понять настрой и готовность (ЛГР).,Розмарин|0
Розмарин,R,Страх принятия решения,,Пряная,,,Розмарин|R
Ветивер,+++,"Подребность в дружеской поддержке, нехватка почвы под ногами.","Дисбактериоз. Эндокринные нарушения. См. сочетания [1], [2].",Цветочная,"[1] Анис, Фенхель, Герань разбросаны по разным категориям: нарушения ЭС. [2] Анис, Фенхель вместе, в одной зоне: Дисбактериоз.","Потребность в дружеской поддержке, нехватка почвы под ногами.",Ветивер|+++
Ветивер,+,"Важность дружеского окружения, поддержки.",Дисбактериоз.,Цветочная,,"Потребность в дружеской поддержке, нехватка почвы под ногами.",Ветивер|+
Ветивер,N,"Уверенность, стабильность.",Норма функция.,Цветочная,,"Потребность в дружеской поддержке, нехватка почвы под ногами.",Ветивер|N
Ветивер,-,"Отказ, непринятие дружеской поддержки.","Нарушение ЖКТ, дисбактериоз, эндокринные нарушения. См. сочетания [1], [2].",Цветочная,"[1] Анис, Фенхель, Герань разбросаны по разным категориям: нарушения ЭС. [2] Анис, Фенхель вместе, в одной зоне: Дисбактериоз.","Потребность в дружеской поддержке, нехватка почвы под ногами.",Ветивер|-
Ветивер,---,"Внутренняя потребность в дружеской поддержке, но есть конфликт, напряжение",Дисбактериоз.,Цветочная,,"Потребность в дружеской поддержке, нехватка почвы под ногами.",Ветивер|---
Ветивер,0,Конфликт (мб скрытый конфликт) с другом.,,Цветочная,,"Потребность в дружеской поддержке, нехватка почвы под ногами.",Ветивер|0
Ветивер,R,Конфликт (мб скрытый конфликт) с другом.,,Цветочная,,,Ветивер|R
Ладан,+++,"Глубокие эмоциональные переживания. См. сочетания [1], [2].","Застойные процессы см. сочетание [3]. Снижение тонуса кожи, атония - см. сочетание [4].",Цветочная,"[1] Важно оценить место расположения: 1, 2 место: эмоциональные переживания, на 3-ем месте: запрос на решение, через первые два аромата. [2] В сочетании с Бензоином, Кипарисом: непрожитая потеря близкого человека. [3] В сочетании с Кедром и Можжеволовыми ягодами. [4] В сочетании с Иланг-илангом/Геранью.","Горе в активном проявлении, истерика.",Ладан|+++
Ладан,+,Эмоциональная перегрузка. Поиск решения. См. сочетание [2].,Склонность к депрессиям,Цветочная,"[2] В сочетании с Бензоином, Кипарисом: непрожитая потеря близкого человека.","Горе в активном проявлении, истерика.",Ладан|+
Ладан,N,Компенсированное состояние.,Норма функция.,Цветочная,,"Горе в активном проявлении, истерика.",Ладан|N
Ладан,-,"Непрожитое, некомпенсированное горе, отрицание","Склонность к новообразованиям (кисты, миомы, полипы).",Цветочная,,"Горе в активном проявлении, истерика.",Ладан|-
Ладан,---,"Глубокие эмоиональные переживания, фаза гнева","Застойные процессы см. сочетание [3]. Снижение тонуса кожи, атония - см. сочетание [4].",Цветочная,[3] В сочетании с Кедром и Можжеволовыми ягодами. [4] В сочетании с Иланг-илангом/Геранью.,,Ладан|---
Ладан,0,"Непрожитые, заблокированные переживания, горе. См. сочетание [2] .",,Цветочная,"[2] В сочетании с Бензоином, Кипарисом: непрожитая потеря близкого человека.","Горе в активном проявлении, истерика.",Ладан|0
Ладан,R,"Застойные процессы, см. сочетание [3]. Снижение тонуса кожи, атония — см. сочетание [4].",,Цветочная,[3] В сочетании с Кедром и Можжеволовыми ягодами. [4] В сочетании с Иланг-илангом/Геранью.,,Ладан|R
Аир,+++,"Перфекционист — фанатик, увлечен происходящим: см. сочетание [1].",Острое бактериальное заражение: см. сочетание [3].,Древесно-травяная,[1] Полынь в (+++/+ или ---): творческий перфекционист. [3] В сочетании с Лимоном: может быть Лямблиоз.,Перфекционист-фанатик.,Аир|+++
Аир,+,"Интерес к делу, которым занят. См. сочетание [1]. *ЕД: Перфекционист-фанатик.",Острое бактериальное заражение: см. сочетание [3].,Древесно-травяная,[1] Полынь в (+++/+ или ---): творческий перфекционист. [3] В сочетании с Лимоном: может быть Лямблиоз. ,Перфекционист-фанатик.,Аир|+
Аир,N,"Принятие себя, своего стремления к идеальности. Самоуверенность, при Чабреце в N.",Норма функция.,Древесно-травяная,,Перфекционист-фанатик.,Аир|N
Аир,-,"Нет интереса к делу, которым занят. Апатия.",Хр. Лямблиоз: см. сочетание [4].,Древесно-травяная,"[4] Береза, Гвоздика, Аир, Полынь в (---/-): хронический паразитарный процесс.",Перфекционист-фанатик.,Аир|-
Аир,---,Перфекционизм. Устал от стремления к идеальности. См. сочетание [1].,Мб паразитарная интоксикация: см. сочетание [4].,Древесно-травяная,"[1] Полынь в (+++/+ или ---): творческий перфекционист. [4] Береза, Гвоздика, Аир, Полынь в (---/-): хронический паразитарный процесс.",Перфекционист-фанатик.,Аир|---
Аир,0,Перфекционизм. Устал от стремления к идеальности.,,Древесно-травяная,,Перфекционист-фанатик.,Аир|0
Аир,R,Сомнения надо ли двигаться: см. сочетание [2].,,Древесно-травяная,[2] Ориентируемся на сочетание ЛГР. ,,Аир|R
Полынь,+++,"Если аромат на 1 или 2 месте, то яркая потребность в творческой реализации. Если на 3-м, то глубинный запрос на пополнение творческого ресурса, эмоциональное выгорание. См. сочетания [1], [2].","Демодекс. Нарушение работы надпочечников: см. сочетания [3], [4]",Древесно-травяная,"[1] В сочетании с Аиром в (+++/+ или ---): творческий перфекционист. [2] В сочетании с Мятой: высокое интеллектуальное перенапряжение. [3] В сочетании с Елью в (+++/+): истощение коры надпочечников. [4] Береза, Гвоздика, Аир, Полынь в (---/-): однозначно хронический паразитарный процесс",Яркая потребность в творческой реализации.,Полынь|+++
Полынь,+,Потребность в самореализации. См. сочетания [1],Переутомление.,Древесно-травяная,[1] В сочетании с Аиром в (+++/+ или ---): творческий перфекционист.,Яркая потребность в творческой реализации.,Полынь|+
Полынь,N,Уверенная творческая реализация. Усиливается Аиром в N,Норма функция.,Древесно-травяная,,Яркая потребность в творческой реализации.,Полынь|N
Полынь,-,Нет интереса к творчеству.,"Хр. паразитарные процессы. Мб нарушение сна, раздражительность. См сочетание [4].",Древесно-травяная,"[4] Береза, Гвоздика, Аир, Полынь в (---/-): однозначно хронический паразитарный процесс",Яркая потребность в творческой реализации.,Полынь|-
Полынь,---,Потребность в творческой реализации. Напряжение. См. сочетание [1],Паразитарный процесс.,Древесно-травяная,[1] В сочетании с Аиром в (+++/+ или ---): творческий перфекционист. ,Яркая потребность в творческой реализации.,Полынь|---
Полынь,0,Эмоциональное выгорание. Внутренний запрет на творчество.,,Древесно-травяная,,Яркая потребность в творческой реализации.,Полынь|0
Полынь,R,Поиск решения. Эмоциональные качели.,,Древесно-травяная,,,Полынь|R